ddd,se,p,n,outcome
-0.13745186088364852,0.051757467869292674,0.009225277273248844,164968,log_q_int_p1
-0.1344664845575633,0.047125983083058556,0.005268419664571589,164968,log_q_frac_p1
