question_type,n,n_tags,n_weeks,ai_post_coef,ai_post_se,ai_post_p,ci_lo,ci_hi,is_substitutable
short_code,25911,100,261,-0.30753652738953896,0.039077322729802154,4.553468713197617e-12,-0.3850744135726256,-0.2299986412064523,1
how_to,25990,100,261,-0.27806870147937185,0.0505508197813607,2.964462468835194e-07,-0.3783724950061378,-0.1777649079526059,1
long_code,26073,100,261,-0.20725443411996522,0.05184376741074136,0.00012328964906949125,-0.31012371625046176,-0.10438515198946871,1
debugging_simple,25458,100,261,-0.1437629201913352,0.04234630813132852,0.0009889370385529617,-0.227787182622619,-0.059738657760051384,1
other_conceptual,25044,100,261,-0.08345316191043617,0.043881280611472916,0.06010526081862366,-0.17052314275704114,0.003616818936168803,1
version_environment_specific,22866,100,261,-0.031907200242402546,0.051959498161789255,0.5405721702806399,-0.1350061172909481,0.071191716806143,0
advanced_architecture,13009,100,261,-0.1601103410073019,0.05249388938137436,0.0029357156468150514,-0.26426960617252715,-0.055951075842076634,0
