period,weeks,total_q,mean_q_per_week,total_users_sum,mean_users_per_week
post,109,1671197,15332.08256880734,1599672,14675.88990825688
pre,152,6712160,44158.94736842105,6175730,40629.80263157895
