period,non_sub_weekly_avg,sub_weekly_avg,delta_sub_pct
post,811.2477064220184,14520.834862385322,-65.766659510068
pre,1741.717105263158,42417.23026315789,-65.766659510068
