pearson,spearman,n
-0.3861146980075666,-0.35741974197419735,100
