question_type,post,pre,delta_pct
short_code,2760.3394495412845,10517.618421052632,-73.7550903727783
how_to,3206.2201834862385,9848.894736842105,-67.4458884051972
other_conceptual,1189.9908256880733,3455.4539473684213,-65.56195383259738
long_code,5929.128440366972,15183.171052631578,-60.949340425567264
advanced_architecture,68.19266055045871,169.44736842105263,-59.7558456139551
debugging_simple,1435.1559633027523,3412.092105263158,-57.93912007565617
version_environment_specific,743.0550458715596,1572.2697368421052,-52.73997657908359
