outcome,estimate,std_error,p_value,irr,percent_change,n_obs
questions,-0.07545535265422385,0.06764652990356196,0.26466376957491056,0.927321132036986,-7.267886796301404,43003
answers,-0.06117220511102642,0.0667496349581954,0.3594348310958002,0.9406612391546157,-5.933876084538426,43003
accepted_answers,-0.08149716503908226,0.06688491375443895,0.22304596250176234,0.9217353229338002,-7.826467706619978,43003
unique_users,-0.06267510131199329,0.06853407317871035,0.36044887938421244,0.9392485847542558,-6.075141524574423,43003
