outcome,spec,coef,se,p,n
body_length,tag_fe_post,303.2532404909967,9.546177762838598,0.0,26095
body_length,tag_fe_post_postAI_post,303.2527399380862,9.503266557089406,0.0,26095
body_length,tag_fe_post_postAI_post_ai,15.118402098962726,15.138115930198685,0.32037593264058684,26095
accepted_share,tag_fe_post,-0.06535099416675594,0.0027581182947722833,0.0,26095
accepted_share,tag_fe_post_postAI_post,-0.06535101038648329,0.0027580045197306453,0.0,26095
accepted_share,tag_fe_post_postAI_post_ai,0.0004898909885033076,0.003960948043546948,0.9018192191785233,26095
code_share,tag_fe_post,0.01844767288148688,0.002103206646530525,5.1958437552457326e-14,26095
code_share,tag_fe_post_postAI_post,0.018447704026391676,0.0021025032735387853,5.129230373768223e-14,26095
code_share,tag_fe_post_postAI_post_ai,-0.0009406821621791367,0.003539555598989964,0.7909745617799944,26095
