estimate,se,p,n,spec,cutoff
0.0574873584643015,0.022159391998732382,0.010917514360605063,99185,copilot_only_pre_chatgpt,2022-06-21 (Copilot GA)
0.057815784237606,0.022581961610509804,0.01197026030267434,164351,dual_shock_copilot,joint
-0.1573194837826969,0.04337187564836343,0.00045505026056069653,164351,dual_shock_chatgpt,joint
