estimate,se,p,n,ai_measure,is_baseline
-0.1081789418032067,0.045993276813809394,0.02064935245609867,164351,ai_answerability_structural,True
-0.1377905968199312,0.051929219769485495,0.009283079454547094,164351,ai_answerability_zscore,False
-0.04494558698145049,0.019661636931560925,0.024388424508232642,164351,ai_answerability_pca,False
-0.20975528118280773,0.07217980043962556,0.0045167711990588,164351,ai_answerability_quantile,False
