estimate,se,p,n,sub_col,ai_measure
-0.038827172496206076,0.013288408405174605,0.004310403061176027,164351,sub_score_continuous,ai_answerability_structural
-0.053121609570073836,0.015496335324801196,0.0008872979543088633,164351,sub_score_continuous,ai_answerability_zscore
