category,score
short_code,0.2573903016746044
long_code,0.1984768658876419
how_to,0.14570904523134232
debugging_simple,0.004769591614603996
other_conceptual,0.016057945787906647
version_environment_specific,0.20997877717018126
advanced_architecture,0.06293996199965476
