ai_quantile,post_chatgpt,questions,answers,tag_weeks,mean_answer_rate,mean_body_length
Q1 low,False,1471918,1688713,6609,0.7806104139809351,2019.2161722609728
Q1 low,True,266850,248661,4573,0.6962219403017712,2716.4606693880646
Q2,False,2288655,2698074,6168,0.8078929354734111,1909.6064090376221
Q2,True,350412,339635,4213,0.7185809100403513,2628.7326187844346
Q3,False,3672684,4566848,6682,0.8281767041304998,1901.3850374145036
Q3,True,531048,538772,4402,0.7629128071331213,2597.0324793397567
Q4 high,False,4362030,5926329,6168,0.8754697339494163,1599.9977487226897
Q4 high,True,654491,738911,4188,0.8141516444603629,2246.38128417241
