measurement,outcome,estimate,std_error,t_stat,p_value,n_obs,n_tags
fractional_count,log_questions,-0.2674382792487822,0.06421125061484419,-4.164975400540736,3.120006824097743e-05,42994,100
fractional_count,log_answers,-0.23471141172302734,0.060295121550633275,-3.8927098194159324,9.928212094512112e-05,42994,100
fractional_count,log_unique_users,-0.28735561975061974,0.07172451598585793,-4.00637935022494,6.176160900683847e-05,42994,100
fractional_count,log_accepted_answers,-0.285815375291571,0.053495530288437954,-5.342789832169299,9.199734574139029e-08,42994,100
