outcome,corr_pretrend_slope_ai,n_tags
code_share,-0.3667048313724362,100
log_answers,0.32675621637567276,100
log_questions,0.2557647219331919,100
short_code_share,-0.26989554966799095,100
