outcome,label,term,estimate,std_error,t_stat,p_value,n_obs,r2_within
log_questions,log(1 + questions),AI_Answerability x PostChatGPT,-0.3012703189551712,0.06974571868114414,-4.319552865065251,1.567000885716041e-05,43003,0.003760845363255938
log_answers,log(1 + answers),AI_Answerability x PostChatGPT,-0.25390675400773094,0.06639272100609755,-3.8243161322520876,0.00013132287700301504,43003,0.0023467619108777926
answer_rate,answer rate,AI_Answerability x PostChatGPT,0.021379612133353536,0.007505943522011373,2.848357714211048,0.0043966604578660196,43003,0.0024900198393792428
accepted_answer_share,accepted answer share,AI_Answerability x PostChatGPT,-0.007787609502482443,0.005821618556297386,-1.337705214997021,0.18099971390827196,43003,0.00038904557698682396
avg_body_length,average body length,AI_Answerability x PostChatGPT,-49.320837875361256,38.95286020040253,-1.2661673012358559,0.20546013694717935,43003,0.00021243078461197218
code_share,code share,AI_Answerability x PostChatGPT,-0.023290817234767888,0.004918521681383793,-4.735328772245073,2.194053144499719e-06,43003,0.009004063554225561
how_to_share,how-to/error title share,AI_Answerability x PostChatGPT,-0.0009055128129684288,0.0029234030687893924,-0.30974613888717367,0.7567555331238998,43003,-1.8750824724023119e-06
short_code_share,short code share,AI_Answerability x PostChatGPT,-0.033825463307255645,0.005111599340179132,-6.617393315899101,3.699240913590529e-11,43003,0.01537396719451023
