outcome,label,beta,se,p,ci_low,ci_high,n_obs,implied_displaced
questions_count,Questions,-0.108178941803206,0.04599327669294354,0.020649352131640875,-0.19943958107634907,-0.01691830253006292,164351,70363.91277944161
answered_questions,Answered,-0.11499853508377014,0.04628899916620599,0.014656633705041555,-0.20684595190132563,-0.02315111826621466,164351,61210.36038826287
accepted_answer_questions,Accepted answer,-0.1167980191876083,0.047614186304342804,0.015915443044462352,-0.21127489478867917,-0.02232114358653746,164351,32808.87432768503
accepted_nonclosed_questions,"Accepted, not closed",-0.12096283987006451,0.048042809493781674,0.013412354547506666,-0.216290196869463,-0.025635482870666026,164351,31835.960751069008
accepted_nonnegative_questions,"Accepted, score >= 0",-0.11543317947719242,0.04841353675405451,0.01901634653227524,-0.21149613979083948,-0.01937021916354538,164351,28504.128709675562
reusable_artifacts,Reusable artifact,-0.11828056916001015,0.04866117193079996,0.016869202905082092,-0.21483489138916462,-0.02172624693085569,164351,28001.137299280414
