outcome,label,beta,se,p,ci_low,ci_high,n_obs,implied_displaced
questions_count,Questions,-0.1396762931916996,0.04839729260031759,0.004789401139492444,-0.23570702158013768,-0.04364556480326154,151342,93479.87767595107
answered_questions,Answered,-0.1397811548286961,0.048772257731507784,0.0050779993163700965,-0.23655589538669558,-0.043006414270696625,151342,76025.50095406192
accepted_answer_questions,Accepted answer,-0.1311493626240867,0.05330906038501723,0.015619684325817174,-0.23692610391318186,-0.025372621334991532,151342,37287.00254829882
accepted_nonclosed_questions,"Accepted, not closed",-0.13584843715877612,0.05373666185941564,0.013051370428248443,-0.24247363254189597,-0.029223241775656286,151342,36207.35219730428
accepted_nonnegative_questions,"Accepted, score $\geq 0$",-0.130758291025211,0.05450378000716603,0.018308477194246775,-0.23890561524096673,-0.022610966809455263,151342,32709.805967068543
reusable_artifacts,Curated artefact,-0.13474269369713354,0.05474274589338574,0.015570213583482095,-0.2433641780751773,-0.02612120931908979,151342,32348.319442351254
