stratum,auc,n
Overall,0.5656065682017948,30241
Answerability quartile 1,0.5892009548029253,7716
Answerability quartile 2,0.4697776975216128,8599
Answerability quartile 3,0.5167807928249943,9725
Answerability quartile 4,0.5,4201
