avg_effect,avg_p,slope,slope_p,n
-0.1669475033194102,4.337695741529757e-05,-0.09383599112549491,0.0002413457687175935,986106
