structural_var,pearson_r,pearson_p,spearman_r,spearman_p
ai_answerability_structural,0.4088564804258107,2.407664529146035e-05,0.5088028802880288,6.479385739980575e-08
ai_answerability_zscore,0.4436072754672666,3.79039819973161e-06,0.5017461746174616,1.0494573186238867e-07
ai_answerability_pca,0.47787518137087165,4.959915251695726e-07,0.4598859885988598,1.4827101646363263e-06
ai_answerability_quantile,0.5040494127930476,8.976926168387759e-08,0.5254418225749555,1.9885171231620717e-08
