ai_measure,beta,se,p,n_obs,n_tags
ai_answerability_structural,-0.1081789418032067,0.04599327681380926,0.020649352456098446,164351,100
embed_answerability_z,-0.11876877773575774,0.0246849782051364,5.373303483713343e-06,164351,100
