ddd_2024,p_2024,ddd_2025,p_2025,n_tags,persistence_rho
-0.12599663460864063,0.08263593359110732,-0.17085172444381713,0.06171862570568942,30,0.8353726362625139
