persistence_rho,persistence_p,n
0.903174317431743,9.046060257828737e-38,100
