outcome,label,beta,se,p,ci_low,ci_high,n_obs
accepted_share,Accepted share,-0.003023220947379332,0.003950697614096653,0.44595072999158747,-0.010862262123861929,0.0048158202291032634,164351
answered_share,Answered share,-0.0007105963131955994,0.003848895122413498,0.8539020628233831,-0.008347639259966743,0.006926446633575544,164351
unanswered_share,Unanswered share,0.0007105963131955994,0.0038488951224134966,0.8539020628233829,-0.006926446633575541,0.00834763925996674,164351
no_accepted_share,No-accepted share,0.003023220947379382,0.003950697614096703,0.4459507299915857,-0.004815820229103313,0.010862262123862076,164351
closed_share,Closed share,0.004941408806707116,0.001224457638366518,0.0001073792343668778,0.0025118192041607987,0.0073709984092534325,164351
mean_answer_count,Mean answer count,-0.006317025688314661,0.007692941270483386,0.41353628342849036,-0.02158149016476655,0.008947438788137228,164351
