n,rho_vtd,p_vtd,rho_act,p_act,auc_vtd,auc_act,auc_gap,auc_gap_lo,auc_gap_hi
100,-0.09719771977197719,0.33603085821293815,0.6197659765976596,6.193567182465164e-12,0.4197860962566845,0.81951871657754,-0.40136677418624833,-0.585952380952381,-0.21228492647058836
